<?xml version="1.0" encoding="UTF-8"?>
<project-private xmlns="http://www.netbeans.org/ns/project-private/1">
    <editor-bookmarks xmlns="http://www.netbeans.org/ns/editor-bookmarks/2" lastBookmarkId="0"/>
    <open-files xmlns="http://www.netbeans.org/ns/projectui-open-files/2">
        <group>
            <file>file:/C:/Users/kaueq/Documents/NetBeansProjects/JogoDaForca/src/app/teste.fxml</file>
            <file>file:/C:/Users/kaueq/Documents/NetBeansProjects/JogoDaForca/src/tela/Jogo.fxml</file>
            <file>file:/C:/Users/kaueq/Documents/NetBeansProjects/JogoDaForca/src/controle/JogoController.java</file>
            <file>file:/C:/Users/kaueq/Documents/NetBeansProjects/JogoDaForca/src/tela/Entrar.fxml</file>
            <file>file:/C:/Users/kaueq/Documents/NetBeansProjects/JogoDaForca/src/tela/telas.css</file>
            <file>file:/C:/Users/kaueq/Documents/NetBeansProjects/JogoDaForca/src/app/JogoDaForca.java</file>
            <file>file:/C:/Users/kaueq/Documents/NetBeansProjects/JogoDaForca/src/tela/ModoDeJogo.fxml</file>
            <file>file:/C:/Users/kaueq/Documents/NetBeansProjects/JogoDaForca/src/controle/TelaPrincipalController.java</file>
            <file>file:/C:/Users/kaueq/Documents/NetBeansProjects/JogoDaForca/src/tela/Scoreboard.fxml</file>
            <file>file:/C:/Users/kaueq/Documents/NetBeansProjects/JogoDaForca/src/app/Resposta.java</file>
        </group>
    </open-files>
</project-private>
